drop table Members CASCADE CONSTRAINTS;
drop table Librarians CASCADE CONSTRAINTS;
drop table Branches CASCADE CONSTRAINTS;
drop table Rental_Due_On CASCADE CONSTRAINTS;
-- drop table Renews CASCADE CONSTRAINTS;
drop table Book_Copy CASCADE CONSTRAINTS;
drop table Makes_Reservation CASCADE CONSTRAINTS;
drop table Makes_Rental CASCADE CONSTRAINTS;
drop table Has_Books CASCADE CONSTRAINTS;
drop table Reservation_For CASCADE CONSTRAINTS;
-- All deleted tables are below

-- drop table Adds_Or_Modifies CASCADE CONSTRAINTS;
-- drop table Deletes CASCADE CONSTRAINTS;
-- drop table Time_Period CASCADE CONSTRAINTS;
-- drop table Reserved_On CASCADE CONSTRAINTS;
drop table Returns CASCADE CONSTRAINTS;


 -- Members table and data is fine is fine
CREATE TABLE Members 
(
member_id CHAR(8),
address VARCHAR(50),
first_name VARCHAR(10),
last_name VARCHAR(10),
phone_number CHAR(10),
owing REAL,
username VARCHAR(255) UNIQUE NOT NULL, --The NOT NULL ensures that the username is not left blank and 255 ensures that email can be used as a username
password VARCHAR(12),
permissions int NOT NULL CHECK(permissions >= 0 and permissions <= 2),
PRIMARY KEY (member_id),
CHECK (owing >= 0 AND LENGTH(username) >= 4 AND LENGTH(password) >= 8)
);

insert into Members
values('00000001', '111 Alpha Drive Vancouver BC, V5Y 1S1', 'Annie', 
'Appleseed','7781111111', 000000, 'aapple@apple.com', 'applepie00', 2);
insert into Members
values('00000002', '222 Beta Drive Vancouver BC, V5Y 1S2', 'Billy', 
'Bedford', '7782222222', 000000, 'bbedfo@apple.com', 'bedframe11', 2);
insert into Members
values('00000003', '333 Gamma Drive Vancouver BC, V5Y 1S3', 'Connie', 
'Chang', '7783333333', 000124, 'cchang@apple.com', 'changeling22', 1);
insert into Members
values('00000004', '444 Delta Drive Vancouver BC, V5Y 1S4', 'Douglas', 
'Dobson', '7784444444', 000000, 'ddobs@apple.com', 'dougie33', 1);
insert into Members
values('00000005', '555 Beta Drive Vancouver BC, V5Y 1S5', 'Ellie', 
'Everett', '7785555555', 000025, 'eever@apple.com', 'neverever44', 0);
insert into Members
values('00000006', '666 Epsilon Drive Vancouver BC, V5Y 1S6', 'Fanny', 
'Frampton', '7781111111', 000000, 'ffanny@apple.com', 'fanman55', 2);
insert into Members
values('00000007', '777 Zeta Drive Vancouver BC, V5Y 1S7', 'Gary', 
'Gordon', '7782222222', 000000, 'ggordo@apple.com', 'garment66', 2);
insert into Members
values('00000008', '888 Eta Drive Vancouver BC, V5Y 1S8', 'Harry', 
'Hilton', '7782222222', 000000, 'hhilt@apple.com', 'hillside77', 2);

-- Librarians table and data is fine. We are not using it though. We will keep it so that if the TA asks anything about the DBA entering employees, then we can talk about this one.
CREATE TABLE Librarians
(
member_id CHAR(8),
employee_id CHAR(8) UNIQUE NOT NULL,
PRIMARY KEY (member_id),
FOREIGN KEY (member_id) REFERENCES Members ON DELETE CASCADE
);

insert into Librarians
values('00000001', '10000001');
insert into Librarians
values('00000002', '10000002');
insert into Librarians
values('00000006', '10000006');
insert into Librarians
values('00000007', '10000007');
insert into Librarians
values('00000008', '10000008');


-- Branches table and data is fine too
CREATE TABLE Branches
(    
branch_id CHAR(4),
name CHAR(30),
city CHAR(20),
province CHAR(5),
PRIMARY KEY (branch_id)
);

insert into Branches
values('0001', 'Grouse Public Library', 'Vancouver', 'BC');
insert into Branches
values('0002', 'Seymour Public Library', 'Vancouver', 'BC');
insert into Branches
values('0003', 'Cypress Public Library', 'Vancouver', 'BC');
insert into Branches
values('0004', 'Cathedral Public Library', 'Vancouver', 'BC');
insert into Branches
values('0005', 'Coliseum Public Library', 'Vancouver', 'BC');


-- I am not sure the Time_Period table is actually required. We could just shift the fields of this table into the rental_due_on table
-- CREATE TABLE Time_Period
-- (
-- start_date DATE,
-- due_date DATE,
-- PRIMARY KEY (start_date, due_date)
-- );

-- insert into Time_Period
-- values('19-Oct-13', '01-Nov-13');
-- insert into Time_Period
-- values('20-Oct-13', '02-Nov-13');
-- insert into Time_Period
-- values('21-Oct-13', '03-Nov-13');
-- insert into Time_Period
-- values('22-Oct-13', '04-Nov-13');
-- insert into Time_Period
-- values('23-Oct-13', '05-Nov-13');


CREATE TABLE Has_Books 
(
isbn CHAR(13),
branch_id CHAR(4),
publisher CHAR(35),
title CHAR(80),
author CHAR(20),
PRIMARY KEY (isbn, branch_id),
FOREIGN KEY (branch_id) REFERENCES branches ON DELETE CASCADE
);

insert into Has_Books
values('9780672327231', '0001', 'Apple Publishing', 'Win In 20 Days', 'Jimmy Johnson');
insert into Has_Books
values('9780672327231', '0005', 'Apple Publishing', 'Win In 20 Days', 'Jimmy Johnson');
insert into Has_Books
values('9780672327232', '0002', 'Banana Publishing', 'Lose In 10 Days', 'Kimberly Kant');
insert into Has_Books
values('9780672327454', '0003', 'Carrot Publishing', 'How To Win Or Lose', 'Loretta Louis');
insert into Has_Books
values('9780672327243', '0004', 'Durian Publishing', 'Winning Is Not Everything', 'Marlene Mayall');
insert into Has_Books
values('9780672327433', '0001', 'Eggplant Publishing', 'Winning Really Is Everything', 'Nigella Ness');
insert into Has_Books
values('9780672327433', '0002', 'Eggplant Publishing', 'Winning Really Is Everything', 'Nigella Ness');
insert into Has_Books
values('9780672327433', '0003', 'Eggplant Publishing', 'Winning Really Is Everything', 'Nigella Ness');
insert into Has_Books
values('9780672327433', '0004', 'Eggplant Publishing', 'Winning Really Is Everything', 'Nigella Ness');
insert into Has_Books 
values('9780672327433', '0005', 'Eggplant Publishing', 'Winning Really Is Everything', 'Nigella Ness');
insert into Has_Books
values('9780672327232', '0001', 'Banana Publishing', 'Lose In 10 Days', 'Kimberly Kant');
insert into Has_Books
values('9780672327454', '0001', 'Carrot Publishing', 'How To Win Or Lose', 'Loretta Louis');
insert into Has_Books
values('9780672327243', '0001', 'Durian Publishing', 'Winning Is Not Everything', 'Marlene Mayall');
insert into Has_Books
values('9780672327243', '0002', 'Durian Publishing', 'Winning Is Not Everything', 'Marlene Mayall');


-- Book_Copy Table and Data is correct as well is correct. I thought the Primary Key was just (ISBN, branch_id) but I was wrong. This one is correct. I am just going to add more data.
CREATE TABLE Book_Copy
(
copy_id CHAR(4),
isbn CHAR(13),
branch_id CHAR(4),
PRIMARY KEY (copy_id, isbn, branch_id),
FOREIGN KEY (isbn, branch_id) REFERENCES Has_Books ON DELETE CASCADE
);

insert into Book_Copy
values('0001', '9780672327231', '0001');
-- Need to ensure that copy#1 for ISBN #9780672327231 in branch #1 and copy#1 for ISBN #9780672327231 in branch #2 works fine
insert into Book_Copy
values('0002', '9780672327231', '0001');
insert into Book_Copy
values('0001', '9780672327231', '0005');
-- 
insert into Book_Copy
values('0002', '9780672327232', '0001');
insert into Book_Copy
values('0002', '9780672327232', '0002');
insert into Book_Copy
values('0001', '9780672327454', '0003');
insert into Book_Copy
values('0004', '9780672327243', '0004');
insert into Book_Copy
values('0012', '9780672327433', '0005');


CREATE TABLE Rental_Due_On
(        
copy_id CHAR(4),
isbn CHAR(13),
branch_id CHAR(4),
start_date DATE,
due_date DATE,
rental_id CHAR(10),
PRIMARY KEY (rental_id),
-- FOREIGN KEY (start_date, due_date) REFERENCES Time_Period ON DELETE CASCADE, //Deleted Time_Period table and so, this is not required anymore
FOREIGN KEY (copy_id, isbn, branch_id) REFERENCES Book_Copy ON DELETE CASCADE
);

insert into Rental_Due_On
values('0001', '9780672327231', '0001', '19-Oct-13', '01-Nov-13', '0000000001');
insert into Rental_Due_On
values('0002', '9780672327232', '0001', '19-Oct-13', '01-Nov-13', '0000000006');
insert into Rental_Due_On
values('0002', '9780672327232', '0002', '20-Oct-13', '02-Nov-13', '0000000002');
insert into Rental_Due_On
values('0001', '9780672327454', '0003', '21-Oct-13', '03-Nov-13', '0000000003');
insert into Rental_Due_On
values('0004', '9780672327243', '0004', '22-Oct-13', '04-Nov-13', '0000000004');
insert into Rental_Due_On
values('0012', '9780672327433', '0005', '23-Oct-13', '05-Nov-13', '0000000005');

-- This table can actually be combined with Rental_Due_On. But, I am leaving it here so that we can demonstrate ON DELETE CASCADE.
CREATE TABLE Makes_Rental
(
member_id CHAR(8),
rental_id CHAR(10) UNIQUE NOT NULL,
PRIMARY KEY (member_id, rental_id),
FOREIGN KEY (member_id) REFERENCES Members ON DELETE CASCADE,
FOREIGN KEY (rental_id) REFERENCES Rental_Due_On ON DELETE CASCADE
);

insert into Makes_Rental
values('00000001', '0000000001');
insert into Makes_Rental
values('00000001', '0000000006');
insert into Makes_Rental
values('00000002', '0000000002');
insert into Makes_Rental
values('00000003', '0000000003');
insert into Makes_Rental
values('00000004', '0000000004');
insert into Makes_Rental
values('00000005', '0000000005');


-- -- This table and the data is fine. We are not actually using the data and stuff
-- CREATE TABLE Renews
-- (        
-- member_id CHAR(8),
-- rental_id CHAR(10),
-- PRIMARY KEY (member_id, rental_id), 
-- FOREIGN KEY (member_id) REFERENCES Members ON DELETE CASCADE,
-- FOREIGN KEY (rental_id) REFERENCES Rental_Due_On ON DELETE CASCADE
-- );

-- insert into Renews
-- values('00000001', '0000000001');
-- insert into Renews
-- values('00000002', '0000000002');
-- insert into Renews
-- values('00000003', '0000000003');
-- insert into Renews
-- values('00000004', '0000000004');
-- insert into Renews
-- values('00000005', '0000000005');

-- This is the table whose primary key will be used as a foreign key in makes_reservation
CREATE TABLE Reservation_For
(
	reservation_id CHAR(10),
	isbn CHAR(13),
	branch_id CHAR(4),
	reservation_date DATE,
	PRIMARY KEY (reservation_id),
	FOREIGN KEY (isbn, branch_id) REFERENCES Has_Books
);

insert into Reservation_For
values('1', '9780672327231', '0001', '01-Nov-13');
insert into Reservation_For
values('6', '9780672327232', '0001', '01-Nov-13');
insert into Reservation_For
values('2', '9780672327232', '0002', '01-Nov-13');
insert into Reservation_For
values('3', '9780672327454', '0003', '01-Nov-13');
insert into Reservation_For
values('4', '9780672327243', '0004', '01-Nov-13');
insert into Reservation_For
values('5', '9780672327433', '0005', '01-Nov-13');

-- Table for Reservations only
CREATE TABLE Makes_Reservation
(
member_id CHAR(8),
reservation_id CHAR(10) UNIQUE NOT NULL,
PRIMARY KEY (member_id, reservation_id),
FOREIGN KEY (member_id) REFERENCES Members ON DELETE CASCADE,
FOREIGN KEY (reservation_id) REFERENCES Reservation_For ON DELETE CASCADE
);

insert into Makes_Reservation
values('00000001', '1');
insert into Makes_Reservation
values('00000001', '6');
insert into Makes_Reservation
values('00000002', '2');
insert into Makes_Reservation
values('00000003', '3');
insert into Makes_Reservation
values('00000004', '4');
insert into Makes_Reservation
values('00000005', '5');




-- CREATE TABLE Adds_Or_Modifies
-- (
-- member_id CHAR(8),
-- employee_id CHAR(8),
-- isbn CHAR(13),
-- branch_id CHAR(4),
-- PRIMARY KEY (member_id, employee_id),
-- FOREIGN KEY (member_id, employee_id) REFERENCES Librarians ON DELETE CASCADE,
-- FOREIGN KEY (isbn, branch_id) REFERENCES Has_Books ON DELETE CASCADE
-- );

-- insert into Adds_Or_Modifies
-- values('00000001', '10000001', '9780672327231', '0001');
-- insert into Adds_Or_Modifies
-- values('00000008', '10000008', '9780672327232', '0002');
-- insert into Adds_Or_Modifies        
-- values('00000002', '10000002', '9780672327454', '0003');
-- insert into Adds_Or_Modifies
-- values('00000006', '10000006', '9780672327243', '0004');
-- insert into Adds_Or_Modifies
-- values('00000007', '10000007', '9780672327433', '0005');


-- CREATE TABLE Deletes
-- (
-- member_id CHAR(8),
-- employee_id CHAR(8),
-- isbn CHAR(13),
-- branch_id CHAR(4),
-- PRIMARY KEY (member_id, employee_id),
-- FOREIGN KEY (member_id, employee_id) REFERENCES Librarians ON DELETE 
-- CASCADE,
-- FOREIGN KEY (isbn, branch_id) REFERENCES Has_Books ON DELETE CASCADE
-- );

-- insert into Deletes
-- values('00000001', '10000001', '9780672327231', '0001');
-- insert into Deletes
-- values('00000008', '10000008', '9780672327232', '0002');
-- insert into Deletes
-- values('00000002', '10000002', '9780672327454', '0003');
-- insert into Deletes
-- values('00000006', '10000006', '9780672327243', '0004');
-- insert into Deletes
-- values('00000007', '10000007', '9780672327433', '0005');


-- This table is not doing much. It is not referencing to which books have been or not been reserved. Either, we discard this one or add its fields to another table
-- CREATE TABLE Reserved_On
-- (        
-- member_id CHAR(8),
-- start_date DATE,
-- due_date DATE,
-- PRIMARY KEY (start_date, due_date, member_id),
-- FOREIGN KEY (member_id) REFERENCES Members ON DELETE CASCADE,
-- FOREIGN KEY (start_date, due_date) REFERENCES Time_Period ON DELETE CASCADE
-- );

-- insert into Reserved_On
-- values('00000001', '19-Oct-13', '01-Nov-13');
-- insert into Reserved_On
-- values('00000002', '20-Oct-13', '02-Nov-13');
-- insert into Reserved_On
-- values('00000003', '21-Oct-13', '03-Nov-13');
-- insert into Reserved_On
-- values('00000004', '22-Oct-13', '04-Nov-13');
-- insert into Reserved_On
-- values('00000005', '23-Oct-13', '05-Nov-13');


CREATE TABLE Returns
(        
rental_id CHAR(10) UNIQUE NOT NULL,
returned_date DATE,
copy_id CHAR(4),
isbn CHAR(13),
branch_id CHAR(4),
PRIMARY KEY (rental_id, returned_date),
FOREIGN KEY (copy_id, isbn, branch_id) REFERENCES Book_Copy ON DELETE CASCADE
);

-- insert into Returns
-- values('0000000002', '01-Nov-13', '0002', '9780672327232', '0002');
-- insert into Returns
-- values('0000000003', '01-Nov-13', '0001', '9780672327454', '0003');
-- insert into Returns
-- values('0000000004', '02-Nov-13', '0004', '9780672327243', '0004');
-- insert into Returns
-- values('0000000005', '02-Nov-13', '0012', '9780672327433', '0005');
